<?xml version="1.0" encoding="UTF-8"?>
<assembly
	xmlns="http://maven.apache.org/plugins/maven-assembly-plugin/assembly/1.1.2"
	xmlns:xsi="http://www.w3.org/2001/XMLSchema-instance"
	xsi:schemaLocation="http://maven.apache.org/plugins/maven-assembly-plugin/assembly/1.1.2 http://maven.apache.org/xsd/assembly-1.1.2.xsd">
	<id>src</id>
	<formats>
		<format>zip</format>
	</formats>
	<fileSets>
		<fileSet>
			<includes>
				<include>COPYING</include>
				<include>INSTALL</include>
				<include>README</include>
				<include>*.xml</include>
			</includes>
		</fileSet>
		<fileSet>
			<directory>src</directory>
		</fileSet>
		<fileSet>
			<directory>test</directory>
		</fileSet>
		<fileSet>
			<directory>rsc</directory>
		</fileSet>
		<fileSet>
			<directory>testRsc</directory>
		</fileSet>

	</fileSets>
</assembly>