<?xml version="1.0" encoding="UTF-8"?>
<assembly
	xmlns="http://maven.apache.org/plugins/maven-assembly-plugin/assembly/1.1.2"
	xmlns:xsi="http://www.w3.org/2001/XMLSchema-instance"
	xsi:schemaLocation="http://maven.apache.org/plugins/maven-assembly-plugin/assembly/1.1.2 http://maven.apache.org/xsd/assembly-1.1.2.xsd">
	<id>clizip</id>
	<formats>
		<format>zip</format>
	</formats>
	<fileSets>
		<fileSet>
			<includes>
				<include>COPYING</include>
			</includes>
			<fileMode>644</fileMode>
		</fileSet>
		<fileSet>
			<includes>
				<include>jwordpress</include>
			</includes>
			<fileMode>755</fileMode>
		</fileSet>
		<fileSet>
			<directory>target</directory>
			<outputDirectory>/</outputDirectory>
			<includes>
				<include>jwordpress.jar</include>
			</includes>
			<fileMode>644</fileMode>
		</fileSet>
	</fileSets>
</assembly>